listing_id,review_id,date,review_text,overall_impression,decision_tags,location_opinion,location_comment,facility_opinion,facility_comment,host_opinion,host_comment
858590791586915213,1359897611805031041,2025-02-19,"Great stay, good location. Convenient",positive,"good location, convenient",positive,Great location.,neutral,No specific mention of facilities.,neutral,No specific mention of the host.
21165998,329469862,2018-09-29,Very convenient location. Host was kind enough to give us a free upgrade!  Space is a bit crammed but that is Hong Kong. Really awesome restaurants on the same block.,positive,"convenient location, kind host, great restaurants nearby, cramped space",positive,Very convenient location with awesome restaurants on the same block.,negative,Space is a bit crammed but that is typical for Hong Kong.,positive,Host was kind enough to give a free upgrade.
6348825,177165456,2017-08-02,é™¤å·¦ç»†å…¶ä»–éƒ½ok,neutral,"small room, acceptable condition",neutral,No specific mention of location.,negative,The room is small.,neutral,No specific mention of host.
1328286909959687741,1419296659137513228,2025-05-12,"This is just like home away from home.... location was just perfect, everything was around the property . This place is well equipped kitchen that's why saved lot of money for food . If you are travelling with family just go with this place. last but not the least about the host , she is very helpful and reply each and every small question so i will give five out of five for this place .",positive,"home away from home, well-equipped kitchen, family-friendly, great host, perfect location",positive,"Location was just perfect, everything was around the property.",positive,"The place is well equipped with a kitchen, saving a lot of money for food.",positive,The host is very helpful and replies to each and every small question.
31662448,705385625912739295,2022-08-31,"Felt good. Rela made Indonesian rib soup and dumplings for me. Delicious!And the house is in a good location, convenient for shopping and strolling.",positive,"great host, good location, delicious food",positive,Convenient for shopping and strolling.,neutral,No specific mention of facilities.,positive,Rela made Indonesian rib soup and dumplings for the guest.
1060653918541140795,1388861345831026977,2025-03-31,"Great price for a simple female only space to stay, was here for 2 nights, you have the entire room for yourself (it's Hong Kong Island side so of course space is a luxury here). Efficient, fuss free place to stay if you're out and about whole day. Convenience store, breakfast spot, metro and airport bus station all at your doorstep",positive,"great price, female only space, convenient location, efficient stay",positive,"Convenience store, breakfast spot, metro and airport bus station all at your doorstep.",neutral,"Simple space with the entire room for yourself, efficient and fuss-free.",neutral,No specific mention of the host in the review.
18096001,185129072,2017-08-21,ìœ„ì¹˜ê°€ ì§„ì§œ ì¢‹ìŠµë‹ˆë‹¤ ë°”ë¡œ ë°‘ì´ ìœ ëª…í•œ ì œë‹ˆì¿ í‚¤ì—ìš” ì¹¨ì‚¬ì¶”ì´ ì—­ë„ ì—„ì²­ ê°€ê¹ê³ (ì—­ì•ˆì—ë„ ìƒì ì´ ë§ì•„ìš” ê¸°í™”ë³‘ê°€ë„ ìˆìŠµë‹ˆë‹¤) ìƒˆë²½ì— ë„ì°©í•˜ëŠ” ê²½ìš°ê°€ ë§ì€ë° Night ë²„ìŠ¤ íƒ€ë©´ ì‰½ê²Œ ì°¾ì•„ ì˜¬ ìˆ˜ ìˆìŠµë‹ˆë‹¤ ì‹œì„¤ì€ ìƒ¤ì›Œê¸° ìˆ˜ì••ë„ ì¢‹ê³  ì—ì–´ì»¨ë„ ì˜ ë‚˜ì™€ìš” ë¬´ì—‡ë³´ë‹¤ í˜¸ìŠ¤íŠ¸ë¶„ì´ ì •ë§ ì¹œì ˆí•˜ì…¨ì–´ìš” í™ì½© ì¢‹ì•„ì„œ ë˜ ê°€ê³ ì‹¶ì€ë° ë‹¤ì‹œ ì´ìš©í•  ê²ƒ ê°™ë„¤ìš” ì¶”ì²œë“œë¦½ë‹ˆë‹¤,positive,"great location, clean facility, friendly host, near MTR, good shower pressure",positive,"The location is excellent, right next to a famous bakery and very close to the MTR station.",positive,The shower has good water pressure and the air conditioning works well.,positive,The host was very friendly and helpful.
5678100,319600601,2018-09-07,AndreaçœŸçš„éå¸¸å¥½ï¼Œéå¸¸çƒ­æƒ…ï¼Œå¾—çŸ¥æˆ‘è¿˜ä¼šåœ¨é¦™æ¸¯ä½ä¸€æ®µæ—¶é—´åä¸»åŠ¨ä¸ºæˆ‘å¯»æ‰¾æˆ¿æºã€‚æˆ¿å­ä¹Ÿéå¸¸å¹²å‡€ï¼Œè®¾å¤‡å¾ˆé½å…¨éå¸¸æ–¹ä¾¿ï¼èµèµèµï¼,positive,"great host, clean room, well-equipped facility",neutral,No specific mention of location.,positive,The room is very clean and well-equipped.,positive,"Andrea is very nice and enthusiastic, even helped to find other accommodations."
41434275,1308479815057950421,2024-12-10,ìˆ™ì†Œ ì•ì— ë§›ì§‘ ë° ë³¼ê±°ë¦¬ê°€ ë§ì•„ì„œ ë„ˆë¬´ ì¢‹ì•˜ê³  ìˆ™ì†Œë„ ì•ˆë½í–ˆê³  ëœ¨ê±°ìš´ ë¬¼ë„ ì˜ ë‚˜ì™€ì„œ ì¢‹ì•˜ìŠµë‹ˆë‹¤. 1ì¸ ì—¬í–‰ ì‹œ ì´ìš©í•  ìˆ™ì†Œë¡œ ìµœê³ ì…ë‹ˆë‹¤.,positive,"great location, comfortable stay, hot water works well, ideal for solo travelers",positive,Many restaurants and attractions nearby.,positive,The accommodation was comfortable and had hot water.,neutral,No specific mention of the host.
31427826,465536671156804055,2021-10-04,ä½å®¿ç’°å¢ƒè·Ÿç…§ç‰‡ä¸€æ¨£ï¼Œç’°å¢ƒå¤§è‡´æ¸…æ½”ï¼Œæˆ¿é–“æä¾›å°å‹éœ²å°æ„Ÿè¦ºéå¸¸å¥½ï¼Œæ™šä¸Šè½ç€æµªè²ï¼Œä»¤äººæœ‰ä¸€ç¨®åº¦å‡å˜…æ„Ÿè¦ºï¼å”¯ä¸€ç¾ä¸­ä¸è¶³çš„æ˜¯ï¼Œæˆ¿é–“éš”éŸ³æ¯”è¼ƒå·®å’ŒWi-Fiæ¯”è¼ƒæ…¢ï¼ä¸éæ•´é«”ä¾†èªªéƒ½æ˜¯æ¨ä»‹çš„ï¼,positive,"clean room, small balcony, ocean view, poor soundproofing, slow Wi-Fi",positive,The sound of waves at night gives a vacation feeling.,neutral,"The room is clean and has a small balcony, but the soundproofing is poor and Wi-Fi is slow.",neutral,No specific mention of the host in the review.
13426579,179638289,2017-08-08,å¦‚æœä½ åªæƒ³å®‰å®‰é™é™åœ°å‘†ä¸€ä¸¤å¤©ï¼Œé•¿æ´²å²›è¿˜æ˜¯ä¸é”™çš„ï¼Œè¶…å¸‚ï¼Œä¾¿åˆ©åº—ï¼Œä¹°ä»€ä¹ˆéƒ½æ–¹ä¾¿ã€‚æ°‘å®¿çš„ä½ç½®ä¹Ÿå¾ˆå¥½ï¼Œå‡ºäº†ç å¤´å‡ åˆ†é’Ÿå°±åˆ°äº†ã€‚,positive,"quiet stay, convenient location, near ferry pier",positive,"The location is great, just a few minutes from the ferry pier.",neutral,"No specific mention of facilities, but convenience stores and supermarkets are nearby.",neutral,No specific mention of the host.
21003945,365020939,2019-01-01,éå¸¸å–œæ¬¢è¿™æ¬¡ä½çš„æˆ¿å­ï¼Œæˆ¿é—´çš„è£…é¥°è·Ÿç¯å…‰è®©æˆ‘æ„Ÿè§‰å¾ˆæ¸©æš–ï¼Œå¾ˆæ£’ï¼æˆ¿ä¸œäººä¹Ÿå¾ˆå¥½ï¼ŒåŸæœ¬æ˜¯æ‰“ç®—ä¸‰ä¸ªäººæ¥çš„ï¼Œåªè®¢äº†åŒäººæˆ¿ï¼Œé—®äº†ä¸€ä¸‹æˆ¿ä¸œä¹Ÿè‚¯è®©æˆ‘ä»¬ä¸‰ä¸ªä¸€èµ·ä½ï¼Œè™½ç„¶æœ€ååªæ¥äº†ä¸¤ä¸ªäººï¼Œä½†æˆ¿ä¸œå¤ªå¥½å•¦ï¼ä¸‹æ¬¡è¿˜æ˜¯ä½ä½ è¿™é‡Œï¼,positive,"cozy room, great host, flexible accommodation",neutral,No specific mention of location.,positive,The room's decoration and lighting made it feel very warm.,positive,"The host was very accommodating, allowing three people to stay in a double room."
43505132,1149011173522152970,2024-05-04,å–®äººæˆ¿å‹å¥½é¸æ“‡<br/>æˆ¿æ±æœå‹™ä¸éŒ¯ï¼Œæä¾›å°é»å¿ƒï¼ˆèŠ’æœä¹¾ï¼‰<br/>ç†±æ°´ç®¡ç†±ï¼Œæœ‰æä¾›ç°¡å–®çš„çƒ¹ç…®è¨­å‚™<br/>éš”éŸ³ä¸éŒ¯,positive,"clean room, great host, good facilities, quiet environment",neutral,No specific mention of location.,positive,Hot water is available and simple cooking equipment is provided.,positive,The host is nice and provided snacks (mango dried).
31184690,444451199,2019-04-28,Had a great time staying there. Although when we had an early check in the place was not clean yet because the the previous guest had just left. <br/>The host offered for us to stay at a vacant room until the place was cleaned.<br/>The host is very responsive to queries.<br/>The best part of the unit is the location. Its very accessible. <br/>Will recommend this place to friends,positive,"great host, accessible location, responsive host",positive,The best part of the unit is the location. It's very accessible.,negative,The place was not clean yet because the previous guest had just left.,positive,The host is very responsive to queries and offered a vacant room until the place was cleaned.
1319262259597819846,1357730038403468707,2025-02-16,æ·±å¤œã®åˆ°ç€ã«ã‚‚é–¢ã‚ã‚‰ãšæŸ”è»Ÿã«ä¸å¯§ã«å¯¾å¿œã—ã¦ã„ãŸã ãã¾ã—ãŸï¼æœ¬å½“ã«ã‚ã‚ŠãŒã¨ã†ã”ã–ã„ã¾ã™ï¼,positive,"great host, flexible check-in",neutral,No specific mention of location.,neutral,No specific mention of facilities.,positive,"The host was flexible and polite, accommodating a late-night arrival."
1377390555959457683,1386677234495156714,2025-03-28,éå¸¸å¥½çš„å…¥ä½ä½“éªŒ,positive,"great experience, recommended stay",neutral,No specific mention of location.,neutral,No specific mention of facilities.,neutral,No specific mention of the host.
21003945,456933299,2019-05-23,éå¸¸å¥½,positive,"great experience, highly recommended",neutral,No specific mention of location.,neutral,No specific mention of facilities.,neutral,No specific mention of the host.
26999853,985952099699539304,2023-09-22,I enjoyed my stay at the Mahjong. It has a common room where fellow travellers and residents hang out and connect.  I like that the showers have a compartment to protect belongings from water splash. Each bed in the dorm has access to a safe as well with privacy blinds. Bathroom amenities are included and laundry service is available at a reasonable price. Better than many other hostels in HK and I recommend this place.,positive,"clean room, great facilities, social atmosphere, good value",neutral,"No specific mention of location, but the reviewer compares it favorably to other hostels in HK.",positive,"The reviewer highlights the showers with compartments, bed safes, privacy blinds, and laundry service as excellent features.",neutral,"No specific mention of the host, but the social atmosphere in the common room is noted."
1081862499642042218,1430860528603904405,2025-05-28,"Every place you look in HK will be the same, extremely LITTLE.<br/>For me this place was the best decision because of 3 things: my own room (but shared bathroom), a/c in the room and location. <br/>Even though you share with other 4 rooms, there was never problem sharing 1 bathroom. Keep in mind no towels available. <br/>The bed was small and my height is 1,67. So if you are 1cm more than me donâ€™t challenge yourself. Also if your back is sensible this bed is not for you, little mattress, so you could feel the wood of the bed. <br/>The location is great, restaurants and bars near. <br/>The host is really nice, good details to get there and is responsive.<br/>For me the worst thing was that you pay a cleaning fee and no one came in my 5 days there to clean. I can deal with no changing sheets but not to come and take the trash from the bathroom is just crazy. The trash of bathroom and kitchen were full. It seems the host expects people to take out the trash, so why are we charge an expensive cleaning fee?!",positive,"private room, great location, responsive host, no towels, cleaning fee issue",positive,Great location with restaurants and bars nearby.,negative,"Small bed with little mattress, no towels provided, and issues with cleaning service.",positive,"Really nice, provided good details, and was responsive."
26509604,1397558185100264454,2025-04-12,Mattéå¸¸å¥½ï¼Œä¸»å‹•è¯çµ¡ä¸¦ä¸”æä¾›å¯¦ç”¨çš„è³‡è¨Šï¼Œå…¥ä½æŒ‡å¼•ç›¸ç•¶æ¸…æ¥šï¼Œæä¾›çš„è¨­å‚™æ‡‰æœ‰ç›¡æœ‰ï¼Œå¤§æ¨“è­¦è¡›ä¹Ÿå¾ˆniceï¼Œé™„è¿‘å¾ˆå¤šé¤å»³ï¼Œé›¢æ¸¯éµå¾ˆè¿‘ï¼Œåœ°é»éå¸¸æ–¹ä¾¿ï¼Œè¶…ç´šæ¨è–¦ï¼,positive,"great host, near MTR, clean room, helpful security",positive,é™„è¿‘å¾ˆå¤šé¤å»³ï¼Œé›¢æ¸¯éµå¾ˆè¿‘ï¼Œåœ°é»éå¸¸æ–¹ä¾¿,positive,æä¾›çš„è¨­å‚™æ‡‰æœ‰ç›¡æœ‰,positive,Mattéå¸¸å¥½ï¼Œä¸»å‹•è¯çµ¡ä¸¦ä¸”æä¾›å¯¦ç”¨çš„è³‡è¨Šï¼Œå…¥ä½æŒ‡å¼•ç›¸ç•¶æ¸…æ¥š
5464143,102346035,2016-09-17,æˆ¿æ±éå¸¸ç†±å¿ƒï¼Œå°è€Œç¾çš„æˆ¿é–“ï¼Œåœ°é»ä½æ–¼å°–æ²™å’€ç«™çš„ä¸Šæ–¹ï¼Œé€›è¡—è³¼ç‰©éå¸¸æ–¹ä¾¿ï¼Œæ˜Ÿå…‰å¤§é“åŠç¶­å¤šåˆ©äºæ¸¯æ­¥è¡Œå³å¯æŠµé”ï¼Œçœ‹å¤œæ™¯å¯è‡³ä¸­æ¸¯ç¢¼é ­å¾Œæ–¹ã€‚å”¯ç¨æ´—æ¾¡æ™‚è¦å°å¿ƒç†±æ°´ç‡™åˆ°ï¼ŒOverall ä¸éŒ¯çš„åœ°é»ä½è™•ã€‚,positive,"great host, central location, small but nice room, shopping convenience, hot water caution",positive,"Located above Tsim Sha Tsui Station, convenient for shopping and close to attractions like the Avenue of Stars and Victoria Harbour.",neutral,Small but nice room; caution advised for hot water during showers.,positive,The host is very enthusiastic and helpful.
840168603621977129,1185216274941801839,2024-06-23,"convenient location near MTR stop in Kowloon, good value for price",positive,"convenient location, good value",positive,near MTR stop in Kowloon,neutral,no specific mention,neutral,no specific mention
884539393199148698,1004005257960213572,2023-10-17,Family friendly stay as I had a child (5yo) with me. everything is perfect and just what we need. great host and great location. very near to mtr and walking distance to shopping and restaurants! superb stay and hope to come back again.,positive,"family friendly, great host, great location, near MTR, walking distance to amenities",positive,very near to MTR and walking distance to shopping and restaurants,positive,everything is perfect and just what we need,positive,great host
4852992,1383825820479140552,2025-03-24,"Tudo certo, prÃ³ximo ao metrÃ´",positive,"near metro, good location",positive,proximo ao metro,neutral,no specific comment about facility,neutral,no specific comment about host
5465183,112204327,2016-11-04,äº¤é€šéå¸¸æ–¹ä¾¿ï¼Œå‘¨å›´é€›è¡—åƒä¸œè¥¿éƒ½è·Ÿä¾¿åˆ©ï¼Œä½†æ˜¯æˆ¿é—´éš”å£åœ¨è£…ä¿®ï¼Œæ¯”è¾ƒåµ,neutral,"convenient location, noisy due to construction",positive,äº¤é€šéå¸¸æ–¹ä¾¿ï¼Œå‘¨å›´é€›è¡—åƒä¸œè¥¿éƒ½è·Ÿä¾¿åˆ©,negative,æˆ¿é—´éš”å£åœ¨è£…ä¿®ï¼Œæ¯”è¾ƒåµ,neutral,No mention of the host
52291882,1377264744644513607,2025-03-15,Everything is good!,positive,"great stay, satisfactory experience",neutral,No specific mention of location.,positive,Everything is good regarding facilities.,neutral,No specific mention of the host.
1226392412808404543,1360583966510259468,2025-02-20,very nice apartment. Clean and relatively spacious in HK,positive,"clean apartment, spacious for HK",neutral,No specific mention of location.,positive,Apartment was clean and relatively spacious for Hong Kong.,neutral,No specific mention of the host.
2104151,1344002101148639711,2025-01-28,"The host was very warm and welcoming and even gave us some spots to visit. We had an issue with the passcode to the door, but the host was quick with responding to us and help solve the issue quickly. My friends and I grateful for having such a nice hostâ˜ºï¸â˜ºï¸",positive,"great host, responsive host, helpful recommendations",neutral,No specific mention of location.,negative,Had an issue with the passcode to the door.,positive,"Very warm and welcoming, quick to respond and solve issues, provided helpful recommendations."
7701968,445777494,2019-04-30,åœ°é»å¥½ åœ°éµå‡ºä¾†å°±åˆ°äº†ï¼Œæˆ¿é–“å° ä½†æ˜¯ä¹¾æ·¨æ•´é½Š,positive,"great location, clean room, near MTR",positive,Conveniently located near the MTR station.,positive,The room is small but clean and tidy.,neutral,No specific mention of the host.
7186750,854004959204350075,2023-03-24,"Great location, lots of restaurants nearby, Ken is very helpful, he knows the best local restaurants, thank you for all.",positive,"great location, helpful host, near restaurants",positive,Lots of restaurants nearby.,neutral,No specific mention of facilities.,positive,Ken is very helpful and knows the best local restaurants.
33390164,451585590,2019-05-12,"Exceeded expectations . Squeaky clean and tidy , very convenient , the mtr is just 5 mins away . Shopping is within the vicinity . Hosts were very accommodating and kind . thoughtful He catered for a baby cot and bath tub , Very suitable for family stay .",positive,"squeaky clean, near MTR, family-friendly, accommodating host",positive,"Very convenient, the MTR is just 5 mins away and shopping is within the vicinity.",positive,"Squeaky clean and tidy, very suitable for family stay with baby cot and bath tub provided.",positive,"Hosts were very accommodating, kind, and thoughtful."
32701409,595845223,2020-01-20,æˆ¿é—´å¾ˆå¹²å‡€ï¼Œèˆ’æœï¼äº¤é€šä¾¿åˆ©ï¼æˆ¿ä¸œäººå¾ˆå¥½ï¼ä¸‹æ¬¡å»é¦™æ¸¯è¿˜è®¢è¿™ä¸ªé…’åº—,positive,"clean room, convenient transportation, great host",positive,äº¤é€šä¾¿åˆ©ï¼,positive,æˆ¿é—´å¾ˆå¹²å‡€ï¼Œèˆ’æœï¼,positive,æˆ¿ä¸œäººå¾ˆå¥½ï¼
849025321418535769,1127969936406482795,2024-04-05,place is very convenient. near mtr and bus stop.,positive,"convenient location, near MTR, close to bus stop",positive,"Very convenient, near MTR and bus stop.",neutral,No specific mention of facilities.,neutral,No specific mention of the host.
734447696958196566,1446835367132742422,2025-06-19,"Very good apartment with beautiful environment, it is quiet and big",positive,"beautiful environment, quiet, spacious",neutral,No specific mention of location.,positive,"The apartment is described as very good, quiet, and big.",neutral,No specific mention of the host.
1182399900807794378,1233081773165801787,2024-08-28,æºé€šè‰¯å¥½ï¼Œæˆ¿ä¸»å›æ‡‰å¾ˆå¿«å¾ˆè² è²¬ä»»ï¼Œæˆ¿é–“åœ°ç†ä½ç½®å¾ˆæ–¹ä¾¿ï¼Œè¿‘åœ°éµç«™ï¼Œæ¨ä»‹ï¼,positive,"great host, near MTR, convenient location",positive,åœ°ç†ä½ç½®å¾ˆæ–¹ä¾¿ï¼Œè¿‘åœ°éµç«™,neutral,No specific mention of facilities,positive,æºé€šè‰¯å¥½ï¼Œæˆ¿ä¸»å›æ‡‰å¾ˆå¿«å¾ˆè² è²¬ä»»
5158962,1226523949444344712,2024-08-19,ç¬¬ä¸€æ¬¡ä½é’æ—… å¾ˆå¼€å¿ƒæ˜¯ruby é‡åˆ°çš„å¥³å­©å­éƒ½å¾ˆå¥½ç›¸å¤„ æˆ‘ä»¬è¿˜ä¸€èµ·å»åƒäº†é™„è¿‘çš„ç¾é£Ÿ æˆ‘è§‰å¾—åƒæˆ‘è¿™æ ·çš„æ™®é€šå­¦ç”Ÿå¯ä»¥è¯•è¯•è¿™é‡Œ çœŸçš„éå¸¸å¥½ å»å“ªé‡Œéƒ½å¾ˆæ–¹ä¾¿ è€Œä¸”è½¬æ¢å™¨è€³å¡çœ¼ç½©éƒ½æœ‰ ä¸ç”¨æ‹…å¿ƒ æœ‰ä¸€ä¸ªå®¢å…çœŸçš„è¶…å¥½çš„ ä¸ä¼šæœ‰ä¸€ç§è‡ªå·±åœ¨å¤–æµæµªçš„æ„Ÿè§‰ğŸ¥º,positive,"great host, convenient location, well-equipped facility, friendly atmosphere, good for students",positive,Very convenient location with nearbyç¾é£Ÿ (delicious food).,positive,"Well-equipped withè½¬æ¢å™¨ (converter), è€³å¡ (earplugs), çœ¼ç½© (eye mask), and aå®¢å… (living room).",positive,"Friendly and welcoming host, making guests feel at home."
38195593,547387206,2019-10-15,Itâ€™s an apartment with 3 rooms and total 12 beds. Quite small if you have large luggages. Some bed donâ€™t think can sleep easily as the aircon is just next to the bed so it will either blow to your leg or your head. Cleanliness is ok. There are two bathrooms. Door access by card. Reception is at second floor. Please donâ€™t mislead by the images. The living area is actually a shared facilities on second floor. The apartment is just purely 3 rooms plus corridor.,neutral,"small space, shared facilities, card access, two bathrooms, misleading images",neutral,"No specific mention of location, but reception is on the second floor.",negative,"The apartment is small for large luggage, some beds are uncomfortable due to aircon placement, and living area is shared and misleading.",neutral,No specific mention of the host.
20684223,481049353,2019-07-04,éº»é›€è™½å°ï¼Œäº”è„ä¿±å…¨ã€‚,positive,"compact space, fully equipped, efficient use of space",neutral,No specific mention of location.,positive,The space is small but fully equipped.,neutral,No specific mention of the host.
14884742,149399409,2017-05-04,Logement petit mais bien placÃ©. La chambre est propre et l'immeuble et trÃ¨s sÃ©curisÃ©. Lea est trÃ¨s disponible pour rendre le sejour agrÃ©able.,positive,"clean room, secure building, great host, well-located",positive,Logement bien placÃ©.,positive,La chambre est propre et l'immeuble est trÃ¨s sÃ©curisÃ©.,positive,Lea est trÃ¨s disponible pour rendre le sÃ©jour agrÃ©able.
7931794,158254257,2017-06-05,ë°©ì´ ì•½ê°„ ì‘ì€ ê²ƒ ì´ì™¸ì—ëŠ” ëª¨ë‘ ì¢‹ì•˜ìŠµë‹ˆë‹¤.,positive,"small room, overall good",neutral,No specific mention of location.,negative,Room was a bit small.,neutral,No specific mention of host.
18041664,162949380,2017-06-23,ì™„ì „ ìœ„ì¹˜ë„ ì¢‹ê³  ì¹¨ì‚¬ì¶”ì´ì—­ì´ë‘ë„ ê°€ê¹ê³ <br/>ì‚¬ëŒë“¤ì´ ì²­í‚¹ë§¨ì…˜ì´ë‘ ì°©ê°í•˜ëŠ” ë¶„ë“¤ë„ ìˆëŠ”ë° ì ˆëŒ€ ì•„ë‹ˆê³ ìš” í›¨ì”¬ ì ›ì•„ìš” ì™„ì „ê¹»ë—í•˜ê³  ì‹œíŠ¸ë„ ë§¤ì¼ ë°”ê¿”ì£¼ì‹œêµ¬ ë¬´ì—‡ë³´ë‹¤ í˜¸ìŠ¤íŠ¸ë‹˜ì´ ì´ì˜ì‹œêµ¬ ì¹œì ˆí•´ìš©~ ì¤„ë¦¬ì—£ ì¢‹ì•„ìš©~ğŸ˜‹,positive,"great location, clean facility, friendly host, near MTR, daily sheet change",positive,The location is great and close to Chimsachoi Station.,positive,The facility is very clean and sheets are changed daily.,positive,The host is beautiful and very friendly.
2104151,451503961,2019-05-12,ä½ç½®å¾ˆå¥½ï¼Œä»æ—ºè§’æˆ–è€…å¤ªå­åœ°é“ç«™æ­¥è¡Œè¿‡å»ï¼Œéƒ½å¾ˆè¿‘ï¼Œå‡ åˆ†é’Ÿå°±åˆ°äº†ã€‚è·ç¦»æ–°ä¸–çºªå¾ˆè¿‘ã€‚æˆ¿é—´æ•´æ´èˆ’é€‚ï¼Œå†æœ‰æœºä¼šï¼Œä¼šç»§ç»­é€‰æ‹©å±…ä½ï¼,positive,"great location, clean room, near MTR",positive,"Very close to Mong Kok and Prince Edward MTR stations, just a few minutes' walk.",positive,The room is tidy and comfortable.,neutral,No specific mention of the host in the review.
11554702,1415673348800875263,2025-05-07,Had a great stay here! it's supen central. lots of life around the building. the accessible balcony was great too for smoking.,positive,"central location, accessible balcony, lively neighborhood",positive,Super central with lots of life around the building.,positive,Accessible balcony was great for smoking.,neutral,No specific mention of the host.
41600828,1093205143443356493,2024-02-17,ä¼˜ç‚¹ï¼šåœ°ç†ä½ç½®ä¼˜è¶Šï¼Œå…¨è‡ªåŠ©åŠç†å…¥ä½ï¼Œé™å¥³ç”Ÿå…¥ä½ï¼Œæœ‰å®‰å…¨æ„Ÿï¼Œé€‚åˆçŸ­æœŸå•è¡Œæ—…å‹<br/>ç¼ºç‚¹ï¼šç¡çœ èˆ±0éš”éŸ³ï¼Œå¿…é¡»æœ‰è€³å¡,positive,"great location, self check-in, female-only, soundproof issues, short stay friendly",positive,åœ°ç†ä½ç½®ä¼˜è¶Š,negative,ç¡çœ èˆ±0éš”éŸ³ï¼Œå¿…é¡»æœ‰è€³å¡,neutral,å…¨è‡ªåŠ©åŠç†å…¥ä½
932805411774136349,1057600089135621631,2023-12-30,"We stayed for a week in Nicolaâ€™s apartment. It has stunning views, a firm and comfortable bed, is peaceful and in a fun neighbourhood, with good transport links.",positive,"stunning views, comfortable bed, good transport links, peaceful neighborhood",positive,Peaceful and in a fun neighbourhood with good transport links.,positive,"Stunning views and a firm, comfortable bed.",neutral,No specific mention of the host.
8946730,228747337,2018-01-21,äº¤é€šä½ç½®ä¾¿åˆ©ï¼Œè‡¨è¿‘åœ°éµï¼Œæˆ¿é–“ç©ºé–“2å€‹äººä½ç®—okäº†,positive,"near MTR, spacious room",positive,Convenient location near the MTR.,neutral,Room space is adequate for two people.,neutral,No mention of the host in the review.
595563569772712141,1363570865880070105,2025-02-24,æˆ¿é—´ä½ç½®çœŸçš„å¾ˆå¥½ï¼Œç¦»åœ°é“å¾ˆè¿‘ï¼Œå‘¨è¾¹é¥­åº—ç‰¹åˆ«å¤šï¼Œå„ç§ç¾é£Ÿï¼Œæ¨èå¤§å®¶å…¥ä½å“¦,positive,"great location, near MTR, many restaurants",positive,"The room is in a great location, very close to the MTR and surrounded by many restaurants.",neutral,No specific mention of the facilities.,neutral,No specific mention of the host.
1039675289020033824,1254059837033521106,2024-09-26,The location is good. Reasonable price. Easy check-inğŸ‘ğŸ»ğŸ‘ğŸ» í•œì¸êµ­ë§Œ ì½ìˆ˜ì„ê²Œìˆ ì ê²Œì„ìš”. ìˆ™sã…—ã…‡H ë°”ë ˆë²Œí€´ ã…ˆ/ã„´ ë§aã…yo. ê·¸ã„¹Hsã…“ ì¤‘ê°„ OH ìˆ™ì†Œì˜®ì–´ê²¼ìš”. ã……H77ã…£ë°”ë²Œí€´ë ˆ 7Hë§aã…yo. I recommend it ğŸ‘ğŸ»,positive,"good location, reasonable price, easy check-in",positive,The location is good.,neutral,No specific mention of facilities.,neutral,No specific mention of the host.
8831109,127937193,2017-01-21,ìˆ™ì†ŒëŠ” ì „ë°˜ì ìœ¼ë¡œ ê¹”ë”í•˜ë‹¤. ê·¸ë¦¬ê³  í¸íˆ ì‰´ìˆ˜ìˆëŠ” ê±°ì‹¤?ê°™ì€ê³³ì´ ìˆì–´ì„œ ì¢‹ì•˜ë‹¤. ê·¸ë¦¬ê³  ìˆ™ì†Œì™€ ì¸ì ‘í•œê³³ì— ì§€í•˜ì²  ì¶œì…êµ¬ê°€ ìˆëŠ”ë° ì¶œì…êµ¬ì—ì„œë¶€í„° ì§€í•˜ì² íƒ€ëŠ”ê³³ê¹Œì§€ ì—ìŠ¤ì»¬ë ˆì´í„°ê°€ ì„¤ì¹˜ë˜ì–´ìˆì–´ì„œ ë§¤ìš° í¸í•˜ë‹¤.  ê·¸ë¦¬ê³  ìƒê°ë³´ë‹¤ í•œêµ­ì¸ì´ ë§ì´ ì°¾ëŠ” ìˆ™ì†Œì´ë‹¤.  í•œê°€ì§€ ì•„ì‰¬ì› ë˜ì ì€ 2ì¸µ ì¹¨ëŒ€ì—ì„œ 1ì¸µì€ ì»¤íŠ¼ì´ ìˆëŠ”ë° 2ì¸µì€ ì»¤íŠ¼ì´ ì—†ì–´ì„œ ì•„ì‰¬ì› ë‹¤.,positive,"clean room, near subway, comfortable living space, popular among Koreans, no curtain on second floor",positive,"The subway entrance is adjacent to the accommodation, and there are escalators from the entrance to the subway platform, making it very convenient.",negative,"There is no curtain on the second-floor bed, which was disappointing.",neutral,No specific mention of the host in the review.
6865393,120967770,2016-12-12,"ã‚¢ãƒªã‚¹ã•ã‚“ã¯é€£çµ¡ã‚‚ç¢ºå®Ÿã€ãƒ­ã‚±ãƒ¼ã‚·ãƒ§ãƒ³ã‚„å‘¨ã‚Šã®ã‚ªã‚¹ã‚¹ãƒ¡ãƒ¬ã‚¹ãƒˆãƒ©ãƒ³ãªã©ã®æƒ…å ±ã‚‚æä¾›ã—ã¦ãã‚Œã¨ã¦ã‚‚è‰¯ã„ãƒ›ã‚¹ãƒˆã•ã‚“ã§ã™ã€‚éƒ¨å±‹ã‚‚ç‹¬ç«‹ã—ãŸ3ã¤ã®ãƒ™ãƒƒãƒ‰ãƒ«ãƒ¼ãƒ ã¨ã‚½ãƒ•ã‚¡ãƒ™ãƒƒãƒ‰ãŒã‚ã‚Šå®¶æ—ã§ã®æ»åœ¨ã‚‚å¯èƒ½ã§ã™ã€‚ãƒ­ã‚±ãƒ¼ã‚·ãƒ§ãƒ³ã¯é§…ã‹ã‚‰è¿‘ããŠã„ã—ã„ãƒ¬ã‚¹ãƒˆãƒ©ãƒ³ã‚‚ã‚ªã‚¹ã‚¹ãƒ¡ã—ã¦ãã‚Œã¾ã—ãŸã€‚å ´æ‰€ã®èª¬æ˜ã‚‚çš„ç¢ºã§è¿·ã†äº‹ãªããŸã©ã‚Šç€ãã€ãƒã‚¦ã‚¹ãƒ«ãƒ¼ãƒ«ã«ã¤ã„ã¦ã‚‚èª¬æ˜ã—ã¦ãã‚Œã¾ã—ãŸã€‚éƒ¨å±‹ã¯ã¨ã¦ã‚‚ç¶ºéº—ã§ã‚·ãƒ£ãƒ¯ãƒ¼ã®æ°´åœ§ã‚‚ç”³ã—åˆ†ãªã‹ã£ãŸã§ã™ã€‚ã‚¿ã‚ªãƒ«ã‚‚ååˆ†ã‚ã‚Šã¾ã™ã€‚ã‚„ã‚Šå–ã‚Šã¯è‹±èªã§å¯èƒ½ã§ã™ã€‚ã¾ãŸé¦™æ¸¯ã«ã‚ã‚Œã°å½¼å¥³ã®æ‰€ã«æ³Šã¾ã‚ŠãŸã„ã§ã™ã€‚The host was very well organized and was around for all of our questions. Apartment is super clean, has everything you need.Location is convenient and easy to access MRT.she also recommend restaurants around there, which is so helpful. Â We had a terrific time at his place and we definitely are looking forward to coming back again.",positive,"great host, clean room, near MTR, family-friendly, helpful recommendations",positive,"Convenient and easy to access MTR, with recommended restaurants nearby.",positive,"Super clean, with independent bedrooms, sofa bed, good shower pressure, and ample towels.",positive,"Very well-organized, responsive, and provided helpful recommendations and clear instructions."
20690610,520762545,2019-08-31,ä¸€ä¸ªå¤§å¤§æˆ¿å­é‡Œé¢æœ‰å¥½å‡ ä¸ªæˆ¿é—´    æˆ‘ä»¬å¯èƒ½æ¥è‡ªä¸åŒçš„åŸå¸‚  ä¸åŒçš„æ°‘æ—  ä¸åŒçš„å›½åº¦   ä½†æ˜¯å› ä¸ºè¿™ä¸ªå°å°çš„æˆ¿é—´  æˆ‘ä»¬æœ‰ç€åŒæ ·çš„æ—…è¡Œæ•…äº‹,positive,"shared house, cultural exchange, unique experience",neutral,No specific mention of location.,positive,The house is described as spacious with several rooms.,neutral,No specific mention of the host.
19184804,342562345,2018-10-29,"Very nice owner, very patience, easy to find, wonderful location which is very convenience.",positive,"great host, wonderful location, easy to find",positive,wonderful location which is very convenience.,neutral,No specific mention of facilities.,positive,"Very nice owner, very patience."
1013018257957569652,1372243112700193846,2025-03-08,"I think host should include in the description that <br/>1. thereâ€™s no lift and the flat is on 5F, so if you carry a heavy luggage you need to take that into consideration. <br/>2. Itâ€™s a shared bathroom and to use hot water you need to turn on a button outside the toilet and let it run for a few minutes before shower and wait longer if you need to a bit longer shower.<br/>3. Take your room key with you all the time even when you are in the house. They donâ€™t have spare room keys so if you lock yourself out, the only way is to find a locksmith.<br/>Overall I think majority of the price is paid for the location. The host was very nice when they sent a brand new hairdryer the next day when I asked for one but couldnâ€™t find it in the room.",neutral,"no lift, shared bathroom, great location, responsive host",positive,Majority of the price is paid for the location.,negative,"No lift, shared bathroom, and inconvenient hot water system.",positive,"Host was very nice and responsive, sent a brand new hairdryer the next day."
16356377,123175028,2016-12-27,The apartment is big in HongKong. The location is in the city centre and close to the metro station and many restaurantsï¼Œbut it is close to funernal parlours as well. The clean service only contains the change of towers.,neutral,"spacious apartment, central location, limited cleaning service",negative,It is close to funeral parlours.,negative,The clean service only contains the change of towers.,neutral,No specific mention of the host.
18837891,274356582,2018-06-09,"A very very nice place - cozy and clean. Location is superb, near mtr, shops and restaurants. Wilson is very nice and accommodating, he had provided point to point guide from airport to apartment as well as return trip. The apartment generally clean and tidy<br/> Overall a very good experience. We will stay there again if we were to visit Hong Kong in the future.",positive,"cozy and clean, near MTR, great host, detailed guide provided",positive,"superb, near MTR, shops and restaurants",positive,generally clean and tidy,positive,"very nice and accommodating, provided point to point guide"
1078097575411269796,1140984581402128654,2024-04-23,æˆ¿ä¸œæ˜¯ä¸€ä½éå¸¸å¥½çš„å”å”ï¼æˆ¿é—´éå¸¸å¹²å‡€ï¼,positive,"great host, clean room",neutral,No specific mention of location.,positive,The room is very clean.,positive,The host is described as very good.
1167722946583914504,1230837404616595029,2024-08-25,Great place for staying with friends and family.<br/> Its a little bit far but you can get a cab from the nearest mtr station for a reasonable price. <br/>Host super friendly and very responsive the valley/village where the house is located is lovely and a great escape from the hustle and bustle of hk city life.,positive,"great for groups, lovely valley location, friendly host",positive,"The valley/village is lovely and a great escape from the city, though a bit far from the MTR.",neutral,"No specific mention of facilities, but the place is great for staying with friends and family.",positive,Host is super friendly and very responsive.
36172237,969920873050983904,2023-08-31,"Me and my friends a total of five staying together, very spacious and equiped with necessities.",positive,"spacious, equipped with necessities, good for groups",neutral,No specific mention of location.,positive,Very spacious and equipped with necessities.,neutral,No specific mention of host.
17537840,197571930,2017-09-26,åœ°ç†ä½ç½®å¾ˆæ–¹ä¾¿ï¼Œå°±åœ¨å°–æ²™å’€é™„è¿‘ã€‚æˆ¿é—´çœŸçš„å¾ˆå°ï¼Œä½†æ˜¯æ˜¯å¹²å‡€çš„ã€‚èƒ½å¤Ÿå¯„å­˜è¡Œæè¿™ä¸€ç‚¹å¾ˆæ£’ï¼,positive,"convenient location, clean room, luggage storage",positive,åœ°ç†ä½ç½®å¾ˆæ–¹ä¾¿ï¼Œå°±åœ¨å°–æ²™å’€é™„è¿‘ã€‚,neutral,æˆ¿é—´çœŸçš„å¾ˆå°ï¼Œä½†æ˜¯æ˜¯å¹²å‡€çš„ã€‚,positive,èƒ½å¤Ÿå¯„å­˜è¡Œæè¿™ä¸€ç‚¹å¾ˆæ£’ï¼
1036860818469596887,1371483311717488265,2025-03-07,Charming and comfortable apartment.,positive,"charming apartment, comfortable stay",neutral,No specific mention of location.,positive,The apartment is described as comfortable.,neutral,No specific mention of the host.
8597633,940266245424295656,2023-07-21,æ€§ä»·æ¯”å¾ˆé«˜ï¼Œä½ç½®æ˜¯çœŸçš„æ–¹ä¾¿,positive,"good value, convenient location",positive,ä½ç½®æ˜¯çœŸçš„æ–¹ä¾¿,neutral,No specific mention of facilities,neutral,No specific mention of the host
15472655,295629875,2018-07-24,æ€§ä»·æ¯”å¾ˆé«˜ é™„è¿‘åƒçš„ä¸œè¥¿å¾ˆå¤š,positive,"good value, many dining options nearby",positive,é™„è¿‘åƒçš„ä¸œè¥¿å¾ˆå¤š (many dining options nearby),neutral,No specific mention of facilities,neutral,No specific mention of the host
43735640,719925136,2020-12-31,"Great location, good service, surely we will come back !",positive,"great location, good service, will come back",positive,Great location,neutral,No specific mention of facilities,positive,Good service
5074403,308191768,2018-08-16,åœ¨é¦™æ¸¯è¿™ä¸ªä»·æ ¼çœŸçš„è¶…èµäº†ï¼å…¥ä½éå¸¸æ–¹ä¾¿ï¼Œåˆ°å‘¨å›´åƒçš„ä¸œè¥¿å¾ˆå¤šï¼Œæˆ¿é—´çœŸå¿ƒå¹²å‡€ï¼Œæˆ¿ä¸»å¾ˆç»†å¿ƒï¼éå¸¸æ„‰å¿«çš„å…¥ä½ï¼æ„Ÿè°¢ï¼,positive,"great value, convenient location, clean room, attentive host",positive,å…¥ä½éå¸¸æ–¹ä¾¿ï¼Œåˆ°å‘¨å›´åƒçš„ä¸œè¥¿å¾ˆå¤š,positive,æˆ¿é—´çœŸå¿ƒå¹²å‡€,positive,æˆ¿ä¸»å¾ˆç»†å¿ƒ
4852992,1070708156028225241,2024-01-17,The location is super convenient. Easy to get to from the airport by rail or by bus. And the rail station is right outside the building which you can go to just about anywhere. It is also just a short waking distance to the near-by street market. Basically it is in the heart of the city. The room is small but it is common in Hong Kong. It is clean and the bed is comfortable. Good A/C and bathroom has hot water. The staff is also friendly. The building has security guard and the main entry is key-locked so I feel very safe.  It is a very good value small room if you like  staying in the busy city center with convenient public transportation.,positive,"convenient location, clean room, friendly staff, good value, safe building",positive,"Super convenient with easy access to airport, rail station, and street market, located in the heart of the city.",positive,"Room is small but clean with comfortable bed, good A/C, and hot water in the bathroom.",positive,"Staff is friendly and the building has security measures, making it feel very safe."
1067917002468436887,1261292391197729646,2024-10-06,æˆ¿æºä½ç½®æå…¶ä¾¿åˆ©ï¼Œæ¥¼ä¸‹å°±æ˜¯å„ç±»å•†åœºå’Œåœ°é“ç«™ï¼Œæˆ¿ä¸œå¤«å¦‡éå¸¸çƒ­æƒ…å‘¨åˆ°ã€‚,positive,"convenient location, great host, near MTR, close to shopping",positive,Extremely convenient with shopping malls and MTR station downstairs.,neutral,No specific mention of facilities in the review.,positive,The host couple is very warm and attentive.
10977095,104292426,2016-09-26,This place is in a great HK location and extremely easy to get to from the airport. The A22 bus literally drops off around the corner from the building. All of HK is very easy to get to because the Jordan MTR station is right next to the bus stop. <br/>The room was clean and well maintained....although I did not spend a lot of time in it....who would when visiting HK?<br/>I would definitely recommend Sam's place to any and all HK visitors.,positive,"great location, clean room, easy transport access, recommended for visitors",positive,Great location in HK with easy access from the airport and proximity to Jordan MTR station.,positive,The room was clean and well maintained.,positive,The host's place is highly recommended for any HK visitors.
6496401,68870496,2016-04-07,Nous avons passÃ© un excellent sÃ©jour chez Yu que nous n'avons malheureusement pas rencontrÃ©. Le studio est vraiment trÃ¨s pratique et trÃ¨s bien situÃ©. Tout est bien pensÃ© et trÃ¨s propre. La vue du toit est splendide. Cet un endroit oÃ¹ on se sent trÃ¨s bien. Si ma fille reste vivre Ã  Hong Kong je reviendrai dans ce logement !!!,positive,"great location, clean facility, well-designed studio, rooftop view",positive,The studio is very well situated.,positive,"Everything is well thought out and very clean, with a splendid rooftop view.",neutral,The host was not met during the stay.
26487387,308683561,2018-08-17,æˆ¿ä¸œäººå¾ˆå¥½ï¼Œçƒ­æƒ…å¥½å®¢ï¼ŒæœåŠ¡ä¹Ÿå¾ˆå‘¨åˆ°ã€‚æˆ¿é—´è™½ç„¶å°ä½†ä¸€åº”ä¿±å…¨ï¼Œæ”¶æ‹¾çš„å¾ˆå¹²å‡€ï¼Œè¿˜æä¾›äº†ä¸€ä¸ªè½¬æ¢å™¨å¯ä»¥ä½¿ç”¨ã€‚å¾ˆèˆ’æœçš„ä½“éªŒï½,positive,"great host, clean room, well-equipped",neutral,No specific mention of location.,positive,"Room is small but well-equipped and clean, includes a converter.",positive,"Host is very kind, hospitable, and attentive."
725218073981528467,1375836310241708707,2025-03-13,Host was very responsive with all the questions i had before arriving. Very helpful and gave me a peace of mind. Ate Lin welcomed us and made us feel very welcome. Expect the building to be sketch at first (lol just like how it is in hk LOL) But their place itself is nice! rooms and bathroom are super clean! Walking distance to train stations and just few steps away from a bus stop,positive,"great host, clean room, near public transport",positive,Walking distance to train stations and just few steps away from a bus stop.,positive,Rooms and bathroom are super clean.,positive,Host was very responsive and made us feel very welcome.
25044456,885925077997806843,2023-05-07,ä½ç½®å¾ˆæ£’ è¡›ç”Ÿä¸éŒ¯,positive,"great location, clean facility",positive,ä½ç½®å¾ˆæ£’ (The location is great),positive,è¡›ç”Ÿä¸éŒ¯ (The cleanliness is good),neutral,No mention of the host
597542092751169161,795269803222204916,2023-01-02,å¾ˆç¾å¥½çš„ä¸€æ¬¡å²›ä¸Šä½å®¿å›å¿†~ å°å®¶ç¦»æµ·è¾¹å¾ˆè¿‘ï¼Œå¹²å‡€è€Œæ¸©é¦¨ï¼Œè¿˜æœ‰ä¸€åªå¯çˆ±çš„å¤§ç‹—ç‹—ï¼æˆ¿ä¸œAquaçƒ­æƒ…å¥½å®¢ï¼Œä¸ä»…æ¥ç å¤´æ¥æˆ‘ï¼Œè¿˜æ¨èäº†å¾ˆå¤šå²›ä¸Šçš„æ¸¸ç©è·¯å¾„å’Œç¾é£Ÿï¼Œä¸‹æ¬¡å—ä¸«å²›ä¹‹è¡Œçš„æ—¶å€™ï¼Œä¸€å®šå†æ¥åšå®¢^ ^,positive,"near beach, clean and cozy, friendly host, pet-friendly, great recommendations",positive,The place is very close to the beach.,positive,"The room is clean and cozy, with a lovely big dog.",positive,"The host Aqua is hospitable, picked up the guest from the pier, and provided great recommendations for activities and food."
1374947726457783567,1433138169024648288,2025-05-31,"Thank you to Camille and Sebastian for the warm welcome! <br/>Super friendly and always ready to help with great tips and advice. The apartment was lovely, both my friend and I really liked it. Highly recommend!",positive,"great host, lovely apartment, friendly atmosphere",neutral,No specific mention of location.,positive,The apartment was lovely and well-liked by the guests.,positive,Super friendly and always ready to help with great tips and advice.
16056283,514775047044099519,2021-12-11,"I have been back to Sarahâ€™s place in Peng Chau several times and always enjoy the island life, very comfortable apartment and friendly and helpful host",positive,"comfortable apartment, friendly host, enjoyable island life",positive,Enjoyable island life in Peng Chau.,positive,Very comfortable apartment.,positive,Friendly and helpful host.
21022859,435934760,2019-04-12,å¾ˆå¥½,positive,"great experience, satisfied",neutral,No specific mention of location.,neutral,No specific mention of facilities.,neutral,No specific mention of the host.
562775,339004995,2018-10-21,People are kind and nice. And the location is super good!,positive,"great host, excellent location",positive,The location is super good.,neutral,No specific mention of facilities.,positive,People are kind and nice.
1005682343180416923,1351973237203549234,2025-02-08,That location was great lots of good food and attractions nearby. I would recommend and definitely would stay again.,positive,"great location, near attractions, good food nearby",positive,Lots of good food and attractions nearby.,neutral,No specific mention of facilities.,neutral,No specific mention of the host.
4695498,494784768,2019-07-25,good place for my short journey,positive,"good for short stay, convenient location",neutral,No specific details mentioned about the location.,neutral,No specific details mentioned about the facilities.,neutral,No specific details mentioned about the host.
16932624,273093997,2018-06-05,æˆ¿é—´è™½ç„¶å¾ˆå°ä½†äº”è„ä¿±å…¨ï¼Œå¯¹äºä¸¤ä¸ªäººåœ¨é¦™æ¸¯ç»æµçš„ç©å‡ å¤©å¯ä»¥è¯´æ˜¯å¾ˆè¶³å¤Ÿäº†ã€‚ç©ºè°ƒçƒ­æ°´ç­‰è®¾æ–½éå¸¸å¥½ï¼Œå¤§ä»¶è¡Œæå¯ä»¥æ”¾åœ¨åºŠä¸‹é¢ï¼Œä»¥å‰å°±ä½è¿‡è¿™æ ‹å¤§å¦ï¼Œèµ°ä¸¤æ­¥å°±æ˜¯åº™è¡—ï¼Œé‡Œé¢éšè—äº†é¦™æ¸¯æœ€åœ°é“çš„ç¾é£Ÿã€‚äº¤é€šæ¥è¯´çœŸçš„æ˜¯å¤ªæ–¹ä¾¿ï¼Œåœ°é“å·´å£«å°±åœ¨æ¥¼ä¸‹äº”åˆ†é’Ÿæ­¥è¡Œå°±å¯ä»¥åˆ°ã€‚ååˆ†æ¨è,positive,"compact but well-equipped, great location near MTR, hidden local food gems",positive,"Very convenient with MTR and buses within 5 minutes walk, close to Temple Street with local food.",positive,"Small but fully equipped, excellent air conditioning and hot water, space for large luggage under the bed.",neutral,No specific mention of the host in the review.
4724533,416752750,2019-02-25,"Nice and clean room, near by metro easy to find.",positive,"clean room, near metro, easy to find",positive,Near metro and easy to find.,positive,Nice and clean room.,neutral,No mention of the host.
980341521824195412,1417187466375859524,2025-05-09,Nice stay. Highly recommended.,positive,"recommended stay, pleasant experience",neutral,No specific mention of location.,neutral,No specific mention of facilities.,neutral,No specific mention of the host.
25315522,444460679078584251,2021-09-05,Very nice owner,positive,"great host, friendly owner",neutral,No specific mention of location.,neutral,No specific mention of facility.,positive,The owner was described as very nice.
2104151,1335978570637720659,2025-01-17,è¿™å¥—å…¬å¯“è™½ç„¶è¾ƒå°ï¼Œä½†éå¸¸æ¸©é¦¨ï¼Œå’Œå›¾ç‰‡æè¿°åŸºæœ¬ä¸€è‡´ã€‚ç©ºé—´è™½ç„¶ç´§å‡‘ï¼Œä½†å¸ƒç½®å¾—å¾ˆåˆç†ï¼Œè®©äººæ„Ÿåˆ°èˆ’é€‚ã€‚çˆ¶æ¯ä¹Ÿå¾ˆå–œæ¬¢ï¼Œå…¬å¯“å†…æœ‰æ´—è¡£å’Œå¹²è¡£è®¾æ–½ï¼Œéå¸¸æ–¹ä¾¿ã€‚æ¥¼ä¸‹çš„è¡—å¸‚æœ‰å¾ˆå¤šå½“åœ°ç¾é£Ÿï¼Œæ–°é²œçš„è”¬èœæ°´æœä¹Ÿå¾ˆå®¹æ˜“ä¹°åˆ°ï¼Œç”Ÿæ´»ååˆ†ä¾¿åˆ©ã€‚æ¯›å·¾æ•´é½åœ°æ”¾åœ¨æˆ¿é—´çš„å°æŸœå­é‡Œï¼Œå¹²å‡€æ•´æ´ï¼Œç»™äººå¾ˆå¥½çš„å…¥ä½ä½“éªŒã€‚å®¢å…å’Œå§å®¤éƒ½æœ‰æš–æ°”ï¼Œå³ä½¿å¤©æ°”å¯’å†·ï¼Œä¹Ÿèƒ½ä¿æŒæ¸©æš–èˆ’é€‚ã€‚å‘¨å›´ç¯å¢ƒä¹Ÿå¾ˆå®‰é™ï¼Œé€‚åˆä¼‘æ¯å’Œæ”¾æ¾ã€‚æ€»ä½“æ¥è¯´ï¼Œéå¸¸é€‚åˆå®¶åº­å…¥ä½ï¼Œå¼ºçƒˆæ¨èï¼,positive,"family-friendly, convenient location, well-equipped, quiet environment, clean and tidy",positive,æ¥¼ä¸‹çš„è¡—å¸‚æœ‰å¾ˆå¤šå½“åœ°ç¾é£Ÿï¼Œæ–°é²œçš„è”¬èœæ°´æœä¹Ÿå¾ˆå®¹æ˜“ä¹°åˆ°ï¼Œç”Ÿæ´»ååˆ†ä¾¿åˆ©ã€‚å‘¨å›´ç¯å¢ƒä¹Ÿå¾ˆå®‰é™ï¼Œé€‚åˆä¼‘æ¯å’Œæ”¾æ¾ã€‚,positive,å…¬å¯“å†…æœ‰æ´—è¡£å’Œå¹²è¡£è®¾æ–½ï¼Œéå¸¸æ–¹ä¾¿ã€‚å®¢å…å’Œå§å®¤éƒ½æœ‰æš–æ°”ï¼Œå³ä½¿å¤©æ°”å¯’å†·ï¼Œä¹Ÿèƒ½ä¿æŒæ¸©æš–èˆ’é€‚ã€‚,neutral,æ²¡æœ‰ç‰¹åˆ«æåˆ°æˆ¿ä¸œçš„å…·ä½“è¡Œä¸ºæˆ–äº’åŠ¨ã€‚
20690610,228087840,2018-01-18,"Winnie is a great host! Although the check in time was 3pm, I was able to check in earlier as I needed a shower desperately after a long-haul flight. Thanks Winnie!",positive,"great host, flexible check-in",neutral,No specific mention of location.,neutral,No specific mention of facilities.,positive,Winnie is a great host and allowed early check-in.
6865394,130611334,2017-02-06,This is a great apartment.  It is comfortable and clean.  It is right in the middle of Mong Kok and the neat things to do.  The neighborhood is very safe and friendly.  The transportation for getting around Hong Kong is awesome and right out the door to the apartment building.,positive,"clean room, great location, comfortable stay, near transportation",positive,Right in the middle of Mong Kok with awesome transportation options.,positive,The apartment is comfortable and clean.,neutral,No specific mention of the host in the review.
18837891,331174733,2018-10-02,"Cosy is definitely the right word to describe Wilson and Shan's place.<br/>Has everything that you'll need, and is in a great location. <br/>Highly recommend!",positive,"cosy place, great location, well-equipped",positive,The place is in a great location.,positive,Has everything that you'll need.,neutral,No specific mention of the host's interaction.
12296290,109331404,2016-10-20,æˆ¿ä¸œå¤«å¦‡å¾ˆäº²å’Œï¼Œçƒ­æƒ…ç»†è‡´ï¼Œè¯¦ç»†ä»‹ç»äº¤é€šå‡ºè¡Œæ–¹æ¡ˆã€å±‹å†…è®¾æ–½ã€å°åŒºé…å¥—ç­‰æƒ…å†µã€‚å°åŒºå“è´¨å¾ˆå¥½ï¼Œäº¤é€šæ–¹ä¾¿ï¼Œç¦»é»„é‡‘æµ·å²¸å¾ˆè¿‘ï¼Œé—¨å«å¾ˆå’Œå–„ï¼ŒæœåŠ¡å¾ˆå‘¨åˆ°ï¼Œæµ·é©¬å°é£å¤©ç‰¹åˆ«åå¤æé†’æˆ‘ä»¬å‡ºè¡Œæ³¨æ„å®‰å…¨ï¼Œå¸®å¿™é¢„è®¢å‡ºç§Ÿè½¦ã€‚æˆ¿å­å¾ˆæ–°ï¼Œæ‰€ä½æˆ¿é—´æ˜¯åŒå±‚å°åºŠï¼Œç©ºé—´ä¸ç®—å®½ç»°ï¼Œä½†å¤Ÿç”¨å¹¶å¾ˆæ¸©é¦¨ï¼Œå¸¦å­©å­å‡ºè¡Œé¦–é€‰ã€‚,positive,"great host, near Golden Coast, family-friendly, clean and new facility",positive,äº¤é€šæ–¹ä¾¿ï¼Œç¦»é»„é‡‘æµ·å²¸å¾ˆè¿‘ï¼Œå°åŒºå“è´¨å¾ˆå¥½ã€‚,positive,æˆ¿å­å¾ˆæ–°ï¼Œæ‰€ä½æˆ¿é—´æ˜¯åŒå±‚å°åºŠï¼Œç©ºé—´ä¸ç®—å®½ç»°ï¼Œä½†å¤Ÿç”¨å¹¶å¾ˆæ¸©é¦¨ã€‚,positive,æˆ¿ä¸œå¤«å¦‡å¾ˆäº²å’Œï¼Œçƒ­æƒ…ç»†è‡´ï¼Œè¯¦ç»†ä»‹ç»äº¤é€šå‡ºè¡Œæ–¹æ¡ˆã€å±‹å†…è®¾æ–½ã€å°åŒºé…å¥—ç­‰æƒ…å†µï¼Œå°é£å¤©ç‰¹åˆ«åå¤æé†’æˆ‘ä»¬å‡ºè¡Œæ³¨æ„å®‰å…¨ï¼Œå¸®å¿™é¢„è®¢å‡ºç§Ÿè½¦ã€‚
41434288,965570859526592564,2023-08-25,"Left flowers on top of piano for the host and  hostess...shhhh and yes they hv a piano<br/>5 mins away from Temple Street, if u know, u know",positive,"great host, near Temple Street, unique facility (piano)",positive,"5 mins away from Temple Street, convenient location.",positive,"Has a piano, which is a unique and nice feature.",positive,"Guest left flowers for the host and hostess, indicating a good relationship."
43505180,1022917076599025101,2023-11-12,"Ruby's place met my expectations. The room is small but clean, it has all what you need. It has hot water, AC, microwave, and several other things in the hallway.",positive,"clean room, well-equipped, hot water, AC available",neutral,No specific mention of location.,positive,"The room is small but clean and well-equipped with hot water, AC, and a microwave.",neutral,No specific mention of the host.
6496401,1056888440046123012,2023-12-29,"Very clean and larger than we expected. Great work space available. Functional studio in a great location, and for HK, at a very reasonable price. Would stay here again.",positive,"clean room, great workspace, reasonable price, functional studio",positive,Great location in HK.,positive,Very clean and larger than expected with a great workspace.,neutral,No specific mention of the host.
103760,480802291280245530,2021-10-25,"Brend is place is very well located but unfortunately the building is entirely wrapped in scaffoldings and some renovation work is on going. <br/>The flat could also go through some renovation - broken wall above the bed, rusty stoves from another age.",negative,"well located, needs renovation, noisy construction",positive,The place is very well located.,negative,"The flat needs renovation, with issues like broken walls and rusty stoves.",neutral,No specific mention of the host.
16484996,401574601,2019-01-15,"Good host, great value",positive,"great host, good value",neutral,No specific mention of location.,neutral,No specific mention of facilities.,positive,The host was described as good.
24899594,369013774,2019-01-09,Great location and apartment. just abt 5min walk from central station exit D.,positive,"great location, near central station, convenient access",positive,just about 5min walk from central station exit D.,positive,apartment is great.,neutral,No specific mention of the host.
28988793,1296824811736847760,2024-11-24,"Clean and nice room. Great location, very near to metro station, and near to temple street night market. I really recommend to anyone.",positive,"clean room, great location, near metro station, near night market",positive,Very near to metro station and temple street night market.,positive,Clean and nice room.,neutral,No specific mention of the host.
16484996,862733656660773541,2023-04-05,Good place for the price!,positive,"good value, affordable",neutral,No specific mention of location.,neutral,No specific mention of facilities.,neutral,No specific mention of the host.
866445088396306875,1319997621835218408,2024-12-26,"The hosts were incredibly kind, and I stayed very comfortably. It was clean and located exactly where they described. The bus stop right in front made getting around very convenient.",positive,"clean room, convenient location, great host",positive,The bus stop right in front made getting around very convenient.,positive,It was clean and located exactly where they described.,positive,The hosts were incredibly kind.
22693111,1276529087384610923,2024-10-27,"Host is very friendly and  responsive. Due to previous fire incident, there was a Government permit issue with the homestay we originally booked . Host immediately offered us another one of her available homestay. It was along Temple street.  A few minutes walk to MTR. The Room is very clean, wifi is strong, bathroom shower heater is working well, aircondition is cold. Water pressure is very strong. Everything is perfect! <br/>We will book again next time.",positive,"great host, clean room, near MTR, strong wifi, good facilities",positive,A few minutes walk to MTR and located along Temple street.,positive,"Room is very clean, wifi is strong, bathroom shower heater is working well, aircondition is cold, and water pressure is very strong.",positive,"Very friendly and responsive, immediately offered another available homestay due to a permit issue."
856777264331932342,946768246693741072,2023-07-30,Perfect location and lovely place,positive,"perfect location, lovely place",positive,Perfect location,positive,Lovely place,neutral,No mention of host
4436837,66010699,2016-03-18,The room are clean and really easy to walk to MRt! Friendly and warm services provided !! thz Vincent n Leo,positive,"clean room, near MRT, friendly host",positive,Really easy to walk to MRT.,positive,The room is clean.,positive,Friendly and warm services provided by Vincent and Leo.
1922220,25928128,2015-01-30,"It's my second stay at Peter's place. The place has the best location, central but quite at night. The apartment is clean and spacious. Peter is very friendly and helpful host. Thank you and I hope to stay at this apartment my next visit!",positive,"central location, clean and spacious, friendly host",positive,central but quiet at night,positive,clean and spacious,positive,very friendly and helpful
36754454,605600651,2020-02-15,Nice place,positive,"nice place, pleasant stay",neutral,No specific mention of location.,positive,The place was described as nice.,neutral,No specific mention of the host.
1187543656227329972,1267788376672055654,2024-10-15,"I had a great stay at Meiâ€™s place! The accommodation is in a perfect location, right next to the metro, making it easy to explore the city. The room is tiny but has everything you need, outside there is a fridge and a washing machine. It was also cleaned daily, which was a nice touch. Mei is incredibly helpful and responsive, making the whole experience smooth and enjoyable. Highly recommend!",positive,"great location, helpful host, clean room, near metro",positive,"right next to the metro, making it easy to explore the city",positive,"tiny but has everything you need, outside there is a fridge and a washing machine, cleaned daily",positive,"incredibly helpful and responsive, making the whole experience smooth and enjoyable"
49221654,701816373135758057,2022-08-26,"This is has a lovely place to stay for a relaxed trip to Lamma Island. The place has a comfy room with good aircon, a kitchen well stocked with condiments, a BBQ on the pretty rooftop and several pets including turtles, tortoises and a very sweet dog. Loulou is very friendly and welcoming, she's knowledgeable about vegan cuisine, the local area and many other topics :)",positive,"comfy room, well-stocked kitchen, pet-friendly, great host, BBQ rooftop",positive,Lovely place for a relaxed trip to Lamma Island.,positive,"Comfy room with good aircon, well-stocked kitchen, and a BBQ on the pretty rooftop.",positive,"Loulou is very friendly, welcoming, and knowledgeable about vegan cuisine and the local area."
24612188,1370802175348434721,2025-03-06,æˆ¿é–“åœ°é»éå¸¸ä¾¿åˆ©ï¼ŒåºŠä¹Ÿå¾ˆå¤§ï¼Œæ•´å€‹å°è€Œç¾ï¼Œä½†å»ºè­°å…©å€‹äººå…¥ä½æ¯”è¼ƒèˆ’é©ï¼ä¸‹æ¬¡å†ä¾†é¦™æ¸¯ä¹™å®šæœƒå†è¨‚æˆ¿ï¼,positive,"convenient location, spacious bed, cozy space, ideal for couples",positive,æˆ¿é–“åœ°é»éå¸¸ä¾¿åˆ©,positive,åºŠä¹Ÿå¾ˆå¤§ï¼Œæ•´å€‹å°è€Œç¾,neutral,No specific mention of the host
11574010,983772856086140019,2023-09-19,"Iâ€™ve been to Hong Kong several times and always felt like I belonged.  I was glad I stayed at Kenâ€™s place this time.  <br/>Ken and his fellow hosts were pleasant and accommodating. They were always willing to help and easy to communicate with. <br/>The place was very centrally located with lots of things to do be it dining, shopping or just exploring the neighborhood.  It was easy to get on the MTR or buses in case you wish to explore other parts of Hong Kong, too.  <br/>As with most Hong Kong spaces,  the room was compact and just right for me and two of my companions. We had a good nights rest every time we came back from exploring other islands. <br/>I recommend Kenâ€™s place to anyone who wishes to visit Hong Kong.",positive,"great host, central location, compact room, near MTR",positive,Very centrally located with lots of things to do and easy access to MTR or buses.,positive,"The room was compact and just right for the guests, providing good rest.",positive,"Ken and his fellow hosts were pleasant, accommodating, and easy to communicate with."
30941011,458329116,2019-05-26,æˆ¿é—´ä¸é”™å¹²å‡€æ•´æ´ï¼Œäº¤é€šä¹Ÿä¾¿åˆ©ï¼Œå°–æ²™å’€B1æˆ–B2å‡ºå£,positive,"clean room, convenient location, near MTR",positive,äº¤é€šä¹Ÿä¾¿åˆ©ï¼Œå°–æ²™å’€B1æˆ–B2å‡ºå£,positive,æˆ¿é—´ä¸é”™å¹²å‡€æ•´æ´,neutral,No mention of host in the review
7743921,266378248,2018-05-20,"Meiâ€™s place is absolutely lovely. Great location, right up to the metro exit, and close to bus stations to the airport. The room is clean and has everything I needed. Although itâ€™s a room by the street, it isnâ€™t noisy at all thanks to the very thick, sound-proof windows. Mei is a very quick responder on Airbnb. She gives simple but clear introduction and everything is just as she said. She also helped take care of our luggage for a few hours after we checked out. Will come back again!",positive,"great location, clean room, sound-proof windows, responsive host, luggage assistance",positive,"Great location, right up to the metro exit, and close to bus stations to the airport.",positive,"The room is clean and has everything I needed, with very thick, sound-proof windows.",positive,"Mei is a very quick responder, gives clear instructions, and helped with luggage after checkout."
43505159,1143895059800603788,2024-04-27,It was awesome!,positive,"great experience, highly recommended",neutral,No specific mention of location.,neutral,No specific mention of facilities.,neutral,No specific mention of the host.
32537617,830792656017264766,2023-02-20,All good!,positive,"satisfactory stay, no complaints",neutral,No specific mention of location.,neutral,No specific mention of facilities.,neutral,No specific mention of the host.
37172099,572531104,2019-12-03,"Great place to stay when you are travelling as a group.. Fully equipped with everything you need,the place is comfortable and cozy. The place is located beside the MTR, many establishment and store. The host is ready to answer all of your questions will definitely hire her as my host again if I come back in HK.",positive,"great for groups, fully equipped, near MTR, responsive host",positive,"The place is located beside the MTR, with many establishments and stores nearby.",positive,"Fully equipped with everything you need, the place is comfortable and cozy.",positive,The host is ready to answer all of your questions and would be hired again.
31427826,669198739261970266,2022-07-12,Quite good,positive,"good experience, satisfactory stay",neutral,No specific mention of location.,neutral,No specific mention of facilities.,neutral,No specific mention of the host.
7701968,155878296,2017-05-29,å¾ˆæ£’å“Ÿï½è°¢è°¢æ¬¾å¾…,positive,"great host, pleasant stay",neutral,No specific mention of location.,neutral,No specific mention of facilities.,positive,The host was thanked for their hospitality.
18088216,314580896,2018-08-27,æˆ¿å­ä¸å›¾ç‰‡ä¸€æ¨¡ä¸€æ · è¯¥æœ‰çš„ä¹Ÿæœ‰ å°±æ˜¯å°äº†ç‚¹ å…¶ä»–çš„éƒ½è¿˜å¥½ é˜¿å§¨ä¹Ÿå¾ˆå¥½äºº å’Œå¥¹è¯´äº†è¦æ›´æ¢æ¯›å·¾ å¥¹ååˆ†çƒ­æƒ… æŒºå¥½çš„å•Šï¼,positive,"clean room, great host, as pictured",neutral,No specific mention of location.,positive,"The room is as pictured and has all necessary amenities, though a bit small.",positive,"The host is very kind and responsive, especially when asked to replace towels."
8597565,448270627,2019-05-05,å¾ˆå¼€å¿ƒé€‰æ‹©ä½åœ¨è¿™é‡Œï¼Œåœ°ç†ä½ç½®ä½³ï¼Œä¸”å®‰å…¨ã€‚æˆ¿é—´å¹²å‡€æ•´æ´ï¼Œä½ç€å¾ˆèˆ’æœ,positive,"great location, clean room, safe area",positive,åœ°ç†ä½ç½®ä½³ï¼Œä¸”å®‰å…¨,positive,æˆ¿é—´å¹²å‡€æ•´æ´ï¼Œä½ç€å¾ˆèˆ’æœ,neutral,No specific mention of the host
841861496385218857,1075747964943106303,2024-01-24,"Very convenient location close to the Tsim Sha Tsui MTR, had a convenience store right downstairs, and nearby a lot of restaurants. Also walking distance from Avenue of the stars. Host was very helpful and responsive. Mistakenly left our card key inside the room one time when heading out for the day and he immediately responded and had someone get the key for us before we arrived back.",positive,"convenient location, helpful host, near MTR, walking distance to attractions",positive,"Very convenient location close to the Tsim Sha Tsui MTR, with a convenience store right downstairs and many restaurants nearby.",neutral,"No specific mention of facilities, but the card key system was functional.",positive,"Host was very helpful and responsive, quickly resolving an issue with the card key."
4841805,28209113,2015-03-20,Very good location. Small room but value for money. Clean & newly renovated place. But the bed on top has insects.. I got a few insect bites on my legs. Owner should consider changing or cleaning the bed.,neutral,"good location, value for money, clean & renovated, insect issue",positive,Very good location.,neutral,Small room but value for money. Clean & newly renovated place. But the bed on top has insects.,negative,Owner should consider changing or cleaning the bed.
4724498,59815243,2016-01-16,é¦–å…ˆæˆ‘è¦è°¢è°¢Vincentå’Œä»–partnersç†±æƒ…æ­¡è¿ï¼Œè€å¿ƒçš„ä»‹ç´¹é¦™æ¸¯å’Œè§£æ±ºå›°é›£ã€‚åœ¨è¿™é—´La Boutiqueä½äº†å››ä¸ªæ™šä¸Šã€‚éå¸¸éå¸¸çš„æ»¿æ„ã€‚æˆ¿é—´å¾ˆå¹²æ·¨ï¼Œå¾ˆèˆ’æœï¼Œå¾ˆæ–°ï¼Œå¾ˆç°¡å–®çš„designã€‚å¯ä»¥å’Œäº”æ˜Ÿçº§é…’åº—æ¯”åªæ˜¯æˆ¿é—´æ¯”è¼ƒå°ç‚¹ã€‚ä»·é’±åˆä¸è´µã€‚ä»–å€‘ä»€ä¹ˆéƒ½æœ‰ä¸ºä½ å€‘æº–å‚™æ¯”å¦‚é›¨ä¼ï¼Œä¹˜è¡Œæï¼Œ......ã€‚æ¯å¤©éƒ½æ‰“æƒå¾ˆå¹²æ·¨ã€‚æ¨“ä¸‹å¾ˆå¤šå–åƒå¾ˆæ–¹ä¾¿ã€‚ç¦»åœ°é“ä¹Ÿä¸è¿œã€‚æ€»ä¹‹æ˜¯ååˆ†æ»¿æ„ã€‚ä¸‹æ¬¡å»é¦™æ¸¯ä¹Ÿè¦è®¢å›è¿™é—´ã€‚,positive,"clean room, great host, near MTR, affordable, well-equipped",positive,æ¥¼ä¸‹å¾ˆå¤šå–åƒçš„å¾ˆæ–¹ä¾¿ï¼Œç¦»åœ°é“ä¹Ÿä¸è¿œã€‚,positive,æˆ¿é—´å¾ˆå¹²å‡€ï¼Œå¾ˆèˆ’æœï¼Œå¾ˆæ–°ï¼Œå¾ˆç®€å•çš„designï¼Œå¯ä»¥å’Œäº”æ˜Ÿçº§é…’åº—æ¯”åªæ˜¯æˆ¿é—´æ¯”è¾ƒå°ç‚¹ã€‚,positive,Vincentå’Œä»–partnersçƒ­æƒ…æ¬¢è¿ï¼Œè€å¿ƒçš„ä»‹ç»é¦™æ¸¯å’Œè§£å†³å›°éš¾ã€‚
13426579,152549254,2017-05-17,æˆ¿é–“å¾ˆå¥½æ‰¾ï¼Œä¸‹æ¬¡æœ‰æ©Ÿæœƒå†å…¥ä½,positive,"easy to find, would stay again",positive,The room was easy to find.,neutral,No specific mention of facilities.,neutral,No specific mention of the host.
11085754,256864108,2018-04-24,"Dave and Allison were very helpful before & during our trip, usually responding in a few minutes, so we always felt taken care of. The studio is very petite (a way to experience HK lifestyle) but you get everything  you need. The shower products they provided were of a reliable brand, which is very important for girls! The bed is super comfy and soft so we could get some good rest after a long day. Thank you Dave and Allison :)",positive,"great host, comfy bed, reliable shower products, petite studio",neutral,No specific mention of location.,positive,"The studio is petite but well-equipped, with a comfy bed and reliable shower products.",positive,"Dave and Allison were very helpful and responsive, making guests feel taken care of."
841849517697394146,1069968267852115691,2024-01-16,æˆ¿å­å¾ˆä¸é”™ï¼Œäº¤é€šä¹Ÿæ–¹ä¾¿,positive,"clean room, convenient location",positive,äº¤é€šä¹Ÿæ–¹ä¾¿ (Convenient transportation),positive,æˆ¿å­å¾ˆä¸é”™ (The room is very nice),neutral,No mention of host
906311410277025031,1022177980918521891,2023-11-11,"Really nice place to stay and in v convenient location. Tube station 10mins walk, loads of bar and restaurants right downstairs and in walkable distance.",positive,"convenient location, walkable distance to amenities, near tube station",positive,"Tube station is 10 minutes walk, with many bars and restaurants nearby.",neutral,No specific mention of facilities in the review.,neutral,No specific mention of the host in the review.
5465122,541961106,2019-10-06,"Very accommodating, definitely will recommend this to our friends",positive,"great host, recommended stay",neutral,No specific mention of location.,neutral,No specific mention of facilities.,positive,Host was very accommodating.
1108487649843478730,1322252454164092994,2024-12-29,"EstÃ¡ en SOHO en pleno CENTRAL de Hong Kong, la zona mÃ¡s cÃ©ntrica de la isla de Hong Kong y dÃ³nde mÃ¡s ocio, restaurantes, bares y locales hay, todo muy confortable, cÃ³modo y agradable. Muy buena experiencia.",positive,"central location, comfortable stay, vibrant neighborhood",positive,"Located in SOHO, Central Hong Kong, the most central area with lots of leisure, restaurants, bars, and venues.",positive,"Everything was very comfortable, cozy, and pleasant.",neutral,No specific mention of the host in the review.
9866718,978692008839131643,2023-09-12,ä½ç½®ï¼š<br/>åœ°ç†ä½ç½®ä¼˜è¶Šï¼Œä¸´åŸå¸‚ä¸»è¦è¡—é“ï¼Œäººæµè¾ƒå¤§ï¼Œå®‰å…¨æ€§è¾ƒé«˜ã€‚è·ç¦»åœ°é“ç«™ä¸¤ä¸‰åˆ†é’Ÿè·¯ç¨‹ï¼Œå…¬äº¤è½¦ç«™ç‚¹ä¹Ÿå¾ˆå¤šï¼Œäº¤é€šååˆ†ä¾¿åˆ©ã€‚<br/>æˆ¿ä¸œäº’åŠ¨ï¼š<br/>å‰å°éå¸¸å‹å–„ã€çƒ­æƒ…ï¼Œæœ‰é—®å¿…ç­”ã€‚<br/>å«ç”Ÿï¼š<br/>æˆ¿é—´è™½å°ï¼Œäº”è„ä¿±å…¨ï¼Œä¹Ÿå¾ˆå¹²å‡€ã€‚<br/>ç‹¬ç‰¹äº®ç‚¹ï¼š<br/>å¯¹ç©·æ¸¸å­¦ç”Ÿå…šæ¥è¯´æ€§ä»·æ¯”éå¸¸é«˜ã€‚,positive,"great location, friendly host, clean room, good value for money",positive,åœ°ç†ä½ç½®ä¼˜è¶Šï¼Œä¸´åŸå¸‚ä¸»è¦è¡—é“ï¼Œäººæµè¾ƒå¤§ï¼Œå®‰å…¨æ€§è¾ƒé«˜ã€‚è·ç¦»åœ°é“ç«™ä¸¤ä¸‰åˆ†é’Ÿè·¯ç¨‹ï¼Œå…¬äº¤è½¦ç«™ç‚¹ä¹Ÿå¾ˆå¤šï¼Œäº¤é€šååˆ†ä¾¿åˆ©ã€‚,positive,æˆ¿é—´è™½å°ï¼Œäº”è„ä¿±å…¨ï¼Œä¹Ÿå¾ˆå¹²å‡€ã€‚,positive,å‰å°éå¸¸å‹å–„ã€çƒ­æƒ…ï¼Œæœ‰é—®å¿…ç­”ã€‚
957111442593456528,993202238492452061,2023-10-02,"We really enjoyed our stay at Tristan's place in Mui Wo.<br/>The house is situated within the mui wo villages and there is a quiet, quaint neighbourhood. It was 10 minutes walk from the beach and 20 minutes walk from pier. It was convenient to travel to tai o and tung chung from living here, for Lantau day tour. <br/>Tristan sent us a set of clear instructions two days ahead of the booking and it helped us to find the accommodation easily. Tristan was friendly and allowed us to check in a little bit earlier, giving us some flexibility.<br/>The kitchen is equipped with a rice cooker and some basic cutlery which we found useful. The furniture was clean, new and tidy. <br/>The home is nice and clean and we had a great time.",positive,"quiet neighborhood, near beach, great host, clean facility, convenient location",positive,"The house is situated in a quiet, quaint neighborhood, 10 minutes walk from the beach and 20 minutes from the pier, convenient for Lantau day tours.",positive,"The kitchen is equipped with useful items like a rice cooker and basic cutlery, and the furniture was clean, new, and tidy.",positive,"Tristan was friendly, provided clear instructions ahead of time, and allowed early check-in for flexibility."
6409693,921424032627576545,2023-06-25,ä½ç½®éå¸¸å¥½ï¼Œå‡ºé—¨åˆ°æ—ºè§’åœ°é“ç«™ä¸åˆ°å‡ åˆ†é’Ÿæ­¥è¡Œæ—¶é—´ï¼Œæˆ¿é—´å¹²å‡€æ•´æ´ï¼Œæˆ¿ä¸œå¾ˆå¥½æ²Ÿé€šäººå¾ˆniceï¼Œä¸‹æ¬¡æ¥è¿˜ä¼šè€ƒè™‘,positive,"near MTR, clean room, great host",positive,"Very close to Mong Kok MTR station, just a few minutes' walk.",positive,The room is clean and tidy.,positive,The host is very nice and easy to communicate with.
18830771,516920378,2019-08-25,Amazing location,positive,"amazing location, great place",positive,Amazing location,neutral,No mention of facilities,neutral,No mention of host
34639683,1314975934043020382,2024-12-19,"Rachel is very friendly and responsive. Their place feels like home, and is very calming, especially if you get to chill at their wonderful rooftop :) They also made an amazing guidebook so you'll get some great ideas as to where to eat/ what to do in Cheung Chau. Thank you, Rachel!",positive,"great host, calming atmosphere, wonderful rooftop, helpful guidebook",positive,Great ideas for where to eat and what to do in Cheung Chau.,positive,The place feels like home and has a wonderful rooftop.,positive,"Rachel is very friendly, responsive, and provides an amazing guidebook."
21431266,529550243,2019-09-15,Good place to stay for tour. Close to causeway bay and super convenient for everything. Clean and nice interiors. Helpful stuff and owner responding to request fast. Recommend for short-term tourists.,positive,"clean room, near Causeway Bay, great host, convenient location",positive,Close to Causeway Bay and super convenient for everything.,positive,Clean and nice interiors.,positive,Helpful staff and owner responding to request fast.
26999645,1402619749141357163,2025-04-19,A great stay. Would recommend.,positive,"great stay, recommended",neutral,No specific mention of location.,neutral,No specific mention of facilities.,neutral,No specific mention of the host.
17143583,1085207551131901387,2024-02-06,It was a relaxing stay. Owner allowed me to check out late with a reasonable price so I appreciate it so much.,positive,"flexible checkout, great host, relaxing stay",neutral,No specific mention of location.,neutral,No specific mention of facilities.,positive,Owner allowed late checkout with reasonable price.
847542988874528302,897529937827182501,2023-05-23,it is a good place in terms of location and quietness. Only concern if the boiler is functioning normally,positive,"good location, quiet place, boiler concern",positive,The location is good.,negative,There is a concern about the boiler functioning normally.,neutral,No mention of the host in the review.
1032356715735053785,1106921991834258230,2024-03-07,Great accommodation!,positive,"great accommodation, comfortable stay",neutral,No specific mention of location.,positive,Great accommodation implies good facilities.,neutral,No specific mention of host.
6349365,1111304671846922790,2024-03-13,é§…ã®è¿‘ãã§ç¹è¯è¡—ã‚‚è¿‘ãã‚ˆã‹ã£ãŸã§ã™,positive,"near station, close to downtown",positive,The location is near the station and close to downtown.,neutral,No specific mention of the facility.,neutral,No specific mention of the host.
830400856825465846,1258369738976112461,2024-10-02,the unit is really nice. we felt so much at home. the building itself is a little bit old tho but the elevator was newly renovated and the neighbors we met along the way are all nice.,positive,"nice unit, home-like feel, renovated elevator, friendly neighbors",neutral,No specific mention of location.,positive,"The unit is nice and the elevator was newly renovated, though the building is a bit old.",neutral,No specific mention of the host.
10550230,1140325976492832455,2024-04-22,"It was a small but clean room, good location in Mongkok.",positive,"clean room, good location, small room",positive,Good location in Mongkok.,positive,Small but clean room.,neutral,No mention of the host.
18087060,507751547,2019-08-12,çƒ­æƒ…å¥½å®¢ï¼Œ10å·æˆ‘åœ¨è¥¿ä¹é¾™é«˜é“ç«™ååœ°é“å»å°–æ²™å’€ï¼Œæˆ¿ä¸œææ—©åŠ äº†å¾®ä¿¡ç»™æˆ‘è¯´å…·ä½“çš„è·¯é€”ï¼Œåœ¨æˆ‘ç¢°åˆ°é—®é¢˜çš„æ—¶å€™ä¹Ÿèƒ½è¿…é€Ÿåœ°è§£ç­”ï¼Œ10å·æ™šä¸Šåœ¨å°–æ²™å’€æœ‰æ¸¸è¡Œï¼Œæˆ¿ä¸œå¤§æ™šä¸Šè¿˜ç‰¹æ„ç»™æˆ‘å‘ä¿¡æ¯ï¼Œè¯¢é—®æˆ‘çš„å®‰å…¨ï¼Œè®©æˆ‘å°½é‡åˆ«å‡ºé—¨ï¼Œä¸ºäº†ç¡®ä¿å®‰å…¨ï¼ŒçœŸçš„å¾ˆæ„ŸåŠ¨ã€‚å°½ç®¡æœ‰æ¸¸è¡Œé˜Ÿä¼ï¼Œä½†æ˜¯è¿™æ¬¡è¡Œç¨‹ä¹Ÿè¿˜æ˜¯æ»¡æ„çš„ã€‚å”¯ä¸€ä¸è¶³æ˜¯æˆ‘æ²¡æœ‰æ‰¾åˆ°ä¸€æ¬¡æ€§æ´—æ¼±ç”¨å“ï¼Œæˆ¿é—´æœ‰ç‚¹å°ï¼ˆä¸è¿‡èƒ½ç†è§£ï¼Œå¯ä»¥æ”¾è¡Œæç®±ä½†æ˜¯ä¸èƒ½æ‰“å¼€ï¼Œå¦åˆ™å¾ˆéš¾èµ°åŠ¨ï¼‰åºŠè¾¹å°±æ˜¯çª—æˆ·ï¼Œå¯ä»¥çœ‹è§æ¥¼ä¸‹çš„é£å…‰ï¼Œé˜³å…‰æ´’ä¸‹æ¥ç‰¹åˆ«èˆ’æœï¼Œåœ°é“ç«™ä¹Ÿå¾ˆè¿‘ï¼Œå°–æ²™å’€Hå£å‡ºæ¥å¤§æ¦‚5åˆ†é’Ÿï¼Œå¯¹é¢æ¥¼ä¸Šæœ‰ç«é”…åº—ã€‚çœŸçš„ç‰¹åˆ«æ»¡æ„ï¼Œå……ç”µå™¨è½¬æ¢å™¨ä¹Ÿæœ‰ä¸¤ä¸ªï¼ŒæŒºæ–¹ä¾¿çš„ã€‚,positive,"great host, near MTR, good view, helpful amenities, central location",positive,åœ°é“ç«™ä¹Ÿå¾ˆè¿‘ï¼Œå°–æ²™å’€Hå£å‡ºæ¥å¤§æ¦‚5åˆ†é’Ÿï¼Œå¯¹é¢æ¥¼ä¸Šæœ‰ç«é”…åº—ã€‚,neutral,æˆ¿é—´æœ‰ç‚¹å°ï¼Œå¯ä»¥æ”¾è¡Œæç®±ä½†æ˜¯ä¸èƒ½æ‰“å¼€ï¼Œå¦åˆ™å¾ˆéš¾èµ°åŠ¨ï¼›æ²¡æœ‰æ‰¾åˆ°ä¸€æ¬¡æ€§æ´—æ¼±ç”¨å“ã€‚,positive,æˆ¿ä¸œææ—©åŠ äº†å¾®ä¿¡ç»™æˆ‘è¯´å…·ä½“çš„è·¯é€”ï¼Œåœ¨æˆ‘ç¢°åˆ°é—®é¢˜çš„æ—¶å€™ä¹Ÿèƒ½è¿…é€Ÿåœ°è§£ç­”ï¼Œå¤§æ™šä¸Šè¿˜ç‰¹æ„ç»™æˆ‘å‘ä¿¡æ¯è¯¢é—®æˆ‘çš„å®‰å…¨ã€‚
9398290,598828550,2020-01-28,Zoe is very responsive and willingly gives tips to make sure you are comfortable. The place is also ideal it is just beside the MTR.,positive,"great host, near MTR, responsive host",positive,The place is just beside the MTR.,neutral,No specific mention of facilities.,positive,Zoe is very responsive and gives tips to ensure comfort.
17082100,435987784,2019-04-12,"Me and my 2 small daughters had a nice stay. Even though the place is small it is very equipped with everything you need: fridge, kettle, ac, TV etc. The location is great: easy access to the airport, Disneyland, MTR etc. Easy check in experience and fast Internet. Thanks a lot!",positive,"well-equipped, great location, easy check-in, fast internet",positive,"Easy access to the airport, Disneyland, and MTR.",positive,"Small but very equipped with fridge, kettle, AC, TV, etc.",positive,Easy check-in experience and helpful.
41600828,1332308648685572340,2025-01-12,Superb host with warm hospitality! Located next to MTR station and walkable distance to wide range to eateries place. Clean place with listed amenities provided. Worth for the money!,positive,"great host, near MTR, clean place, good value",positive,Located next to MTR station and walkable distance to wide range of eateries.,positive,Clean place with listed amenities provided.,positive,Superb host with warm hospitality.
4436837,255895875,2018-04-22,ä¸€æ˜¯æˆ¿ä¸œï¼Œæœ‰ç–‘é—®å’¨è¯¢æˆ¿ä¸œä¼šåŠæ—¶ç»™äºˆç­”å¤ï¼Œè™½ç„¶é¢å¯¹é¢å°±åªåœ¨å‡ºé—¨å’Œå›å»çš„æ—¶å€™åŒ†åŒ†äº¤æµäº†ä¸€ä¸‹ï¼Œä½†æ˜¯æ„Ÿå—åˆ°äº†å°ä¼™å­ä»¬çš„çƒ­æƒ…å’Œå¹½é»˜é£è¶£ã€‚äºŒæ˜¯æˆ¿é—´ï¼Œéº»é›€è™½å°äº”è„ä¿±å…¨ï¼Œä½èµ·æ¥è¿˜æ˜¯å¾ˆèˆ’æœï¼Œæ¯›å·¾ã€æ´—æ¼±ç”¨å“ã€å¹é£æœºç­‰ä¸€åº”ä¿±å…¨ï¼Œè¿˜å¯ä»¥åœ¨å‰å°å€Ÿå……ç”µå®ã€‚ä¸‰æ˜¯åæ ‡ä½ç½®ï¼Œç¦»å°–æ²™å’€è¿˜æ˜¯æŒºè¿‘çš„ï¼Œèµ°è·¯å»ç»´æ¸¯éƒ½ä¸æ˜¯é—®é¢˜ï¼Œå‘¨å›´è´­ç‰©ã€é¥®é£Ÿä¹Ÿå¾ˆæ–¹ä¾¿ã€‚æœ‰æœºä¼šå†æ¥é¦™æ¸¯ä¹Ÿè®¸è¿˜ä¼šé€‰æ‹©ä½è¿™é‡Œ~,positive,"great host, well-equipped room, near Tsim Sha Tsui, convenient location",positive,"Close to Tsim Sha Tsui and Victoria Harbour, with convenient shopping and dining options nearby.",positive,"The room is small but well-equipped with towels, toiletries, hairdryer, and even a portable charger available at the front desk.",positive,"The host is responsive, enthusiastic, and humorous, though interactions were brief."
838699069076436593,1341793865556431426,2025-01-25,host was very accommodating and kind to our requests especially with regard to the needs of my mom who's a senior. the cleaning lady was very helpful too! thank you so much!,positive,"great host, helpful staff, accommodating",neutral,No specific mention of location.,neutral,No specific mention of facilities.,positive,"Host was very accommodating and kind to requests, especially for senior needs."
4078286,197582301,2017-09-26,"The place was great to stay at, as pictured, clean, cool lay out,quiet area but easily walkable to everything. Lincoln was an excellent host, very responsive, helpful and reasonable. <br/>Only issue I had was that during weekdays the pool is closed during the day and only opens at night after 5pm according to front desk.",positive,"clean room, quiet area, walkable location, responsive host, pool access issue",positive,Quiet area but easily walkable to everything.,neutral,"Clean and cool layout, but pool is closed during weekdays until 5pm.",positive,"Excellent host, very responsive, helpful, and reasonable."
18096001,239489038,2018-03-02,ç¦»æ¾³é—¨èŒ¶é¤å…å’Œå…°èŠ³å›­é¾™åŸå¤§è¯æˆ¿æµ·æ¸¯åŸéƒ½å¾ˆè¿‘,positive,"near restaurants, close to shopping, central location",positive,"Very close to popular restaurants and shopping areas like Macau Tea Restaurant, Lan Fong Yuen, and Harbour City.",neutral,No specific mention of facilities in the review.,neutral,No specific mention of the host in the review.
18088216,916289399385383727,2023-06-18,"The apartment was right at the heart of Tsim Sha Tsui, and it was convenient to get around to different places. The room was clean but abit on the smaller side (accurate to the listing description and photos). There was housekeeping available and you could switch your towels daily. We appreciated the prompt communication with the host. Would recommend this accommodation and host.",positive,"central location, clean room, great host, housekeeping available, prompt communication",positive,"The apartment was right at the heart of Tsim Sha Tsui, and it was convenient to get around to different places.",positive,The room was clean but a bit on the smaller side (accurate to the listing description and photos). There was housekeeping available and you could switch your towels daily.,positive,We appreciated the prompt communication with the host.
868477717623572749,1126519461770304071,2024-04-03,éå¸¸èˆ’é©çš„ç’°å¢ƒï¼Œéå¸¸æ¨è–¦,positive,"comfortable environment, highly recommended",neutral,No specific mention of location.,positive,The environment is described as very comfortable.,neutral,No specific mention of the host.
880286248297903810,897529016686942387,2023-05-23,"æˆ¿æ±å§å§éå¸¸Nice,äººä¹Ÿå¾ˆå¥½,ä½ç½®ä¹Ÿè »å¥½çš„,äº¤é€šä¹Ÿå¾ˆæ–¹ä¾¿,æˆ¿å±‹ä¹¾æ·¨éšéº—ï¼ä¸‹æ¬¡é‚„æœƒç¹¼çºŒé¸æ“‡é€™å€‹ï¼ğŸ‘ŒğŸ»",positive,"great host, convenient location, clean facility",positive,"ä½ç½®ä¹Ÿè »å¥½çš„,äº¤é€šä¹Ÿå¾ˆæ–¹ä¾¿",positive,æˆ¿å±‹ä¹¾æ·¨éšéº—,positive,"æˆ¿æ±å§å§éå¸¸Nice,äººä¹Ÿå¾ˆå¥½"
1039461007747208417,1314904142374860991,2024-12-19,Great location to travel around in Hong Kong.,positive,"great location, convenient travel",positive,Great location to travel around in Hong Kong.,neutral,No specific mention of facilities.,neutral,No specific mention of the host.
1065780526744493882,1166404331784459508,2024-05-28,"It was my 2nd time staying at Helenâ€™s in 2024. Helenâ€™s place is as clean and stylish as always, together with the sweet welcoming notes she left me, made me felt like home. On top of the decent view and patio, she has never stopped trying to provide the best experience for the guests. There were lots of optimization, such as more instruction included in the check in message as well as around the house. She is definitely a host that sincerely wish all her guests to have a memorable trip rather than just for the business, will always stay with Helen whenever I visit Hong Kong!",positive,"clean and stylish, great host, decent view, thoughtful touches",positive,The place has a decent view and patio.,positive,The place is clean and stylish with thoughtful optimizations like clear instructions.,positive,Helen is a sincere and welcoming host who goes above and beyond for guests.
22888908,1264277689678176243,2024-10-10,ok,neutral,"basic stay, minimal review",neutral,No specific mention of location.,neutral,No specific mention of facilities.,neutral,No specific mention of the host.
